,x,y,cex,col,members,midpoint,height,leaf,label,parent
1,307.1258427500725,0.8431,,,379,306.1258,0.8431,False,n1,
2,239.37668550014496,0.6222,,,368,238.3767,0.6222,False,n2,n1
3,118.95649600028992,0.3665,,,355,117.9565,0.3665,False,n3,n2
4,1.0,0.0,0.5,#00FF66,1,,0.0,True,1_CR,n3
5,236.91299200057983,0.3221,,,354,234.913,0.3221,False,n4,n3
6,118.82598400115967,0.2399,,,353,116.826,0.2399,False,n5,n4
7,29.990966796875,0.1796,,,118,27.991,0.1796,False,n6,n5
8,2.0,0.0,0.5,#C60C0F,1,,0.0,True,2_Meis2,n6
9,57.98193359375,0.173,,,117,54.9819,0.173,False,n7,n6
10,34.51171875,0.1348,,,57,31.5117,0.1348,False,n8,n7
11,18.37109375,0.1263,,,39,15.3711,0.1263,False,n9,n8
12,9.109375,0.1081,,,17,6.1094,0.1081,False,n10,n9
13,4.125,0.0351,,,4,1.125,0.0351,False,n11,n10
14,3.0,0.0,0.5,#935F50,1,,0.0,True,3_Lamp5 Lhx6,n11
15,5.25,0.022,,,3,1.25,0.022,False,n12,n11
16,4.5,0.0133,,,2,0.5,0.0133,False,n13,n12
17,4.0,0.0,0.5,#CC7F64,1,,0.0,True,4_Lamp5 Lhx6,n13
18,5.0,0.0,0.5,#A66A57,1,,0.0,True,5_Lamp5 Lhx6,n13
19,6.0,0.0,0.5,#EC8E6E,1,,0.0,True,6_Lamp5 Lhx6,n12
20,14.09375,0.0864,,,13,7.0938,0.0864,False,n14,n10
21,10.4375,0.0792,,,10,3.4375,0.0792,False,n15,n14
22,7.875,0.0329,,,4,0.875,0.0329,False,n16,n15
23,7.0,0.0,0.5,#8C5962,1,,0.0,True,7_Lamp5,n16
24,8.75,0.012,,,3,0.75,0.012,False,n17,n16
25,8.0,0.0,0.5,#D97C91,1,,0.0,True,8_Lamp5,n17
26,9.5,0.0087,,,2,0.5,0.0087,False,n18,n17
27,9.0,0.0,0.5,#996068,1,,0.0,True,9_Lamp5,n18
28,10.0,0.0,0.5,#E6808B,1,,0.0,True,10_Lamp5,n18
29,13.0,0.0337,,,6,2.0,0.0337,False,n19,n15
30,11.5,0.0159,,,2,0.5,0.0159,False,n20,n19
31,11.0,0.0,0.5,#A6666F,1,,0.0,True,11_Lamp5,n20
32,12.0,0.0,0.5,#F2859E,1,,0.0,True,12_Lamp5,n20
33,14.5,0.0189,,,4,1.5,0.0189,False,n21,n19
34,13.5,0.0108,,,2,0.5,0.0108,False,n22,n21
35,13.0,0.0,0.5,#B36C76,1,,0.0,True,13_Lamp5,n22
36,14.0,0.0,0.5,#FF8995,1,,0.0,True,14_Lamp5,n22
37,15.5,0.0117,,,2,0.5,0.0117,False,n23,n21
38,15.0,0.0,0.5,#BF7185,1,,0.0,True,15_Lamp5,n23
39,16.0,0.0,0.5,#D97C80,1,,0.0,True,16_Lamp5,n23
40,17.75,0.0262,,,3,0.75,0.0262,False,n24,n14
41,17.0,0.0,0.5,#8C603F,1,,0.0,True,17_Pax6,n24
42,18.5,0.0109,,,2,0.5,0.0109,False,n25,n24
43,18.0,0.0,0.5,#B9814D,1,,0.0,True,18_Pax6,n25
44,19.0,0.0,0.5,#AD6C49,1,,0.0,True,19_Pax6,n25
45,27.6328125,0.1061,,,22,7.6328,0.1061,False,n26,n9
46,22.4375,0.0698,,,5,2.4375,0.0698,False,n27,n26
47,20.875,0.0539,,,4,0.875,0.0539,False,n28,n27
48,20.0,0.0,0.5,#8C3262,1,,0.0,True,20_Ndnf HPF,n28
49,21.75,0.0434,,,3,0.75,0.0434,False,n29,n28
50,21.0,0.0,0.5,#E5408B,1,,0.0,True,21_Ndnf HPF,n29
51,22.5,0.0162,,,2,0.5,0.0162,False,n30,n29
52,22.0,0.0,0.5,#A63771,1,,0.0,True,22_Ndnf HPF,n30
53,23.0,0.0,0.5,#F641A8,1,,0.0,True,23_Ndnf HPF,n30
54,24.0,0.0,0.5,#BF3B81,1,,0.0,True,24_Ndnf HPF,n27
55,32.828125,0.0981,,,17,7.8281,0.0981,False,n31,n26
56,28.5625,0.0666,,,7,3.5625,0.0666,False,n32,n31
57,26.875,0.043,,,4,1.875,0.043,False,n33,n32
58,25.75,0.0289,,,3,0.75,0.0289,False,n34,n33
59,25.0,0.0,0.5,#71238C,1,,0.0,True,25_Sncg,n34
60,26.5,0.0143,,,2,0.5,0.0143,False,n35,n34
61,26.0,0.0,0.5,#CD26FF,1,,0.0,True,26_Sncg,n35
62,27.0,0.0,0.5,#832599,1,,0.0,True,27_Sncg,n35
63,28.0,0.0,0.5,#C528E6,1,,0.0,True,28_Sncg,n33
64,30.25,0.0372,,,3,1.25,0.0372,False,n36,n32
65,29.5,0.0163,,,2,0.5,0.0163,False,n37,n36
66,29.0,0.0,0.5,#9727B3,1,,0.0,True,29_Sncg,n37
67,30.0,0.0,0.5,#AF27BF,1,,0.0,True,30_Sncg,n37
68,31.0,0.0,0.5,#9C28CC,1,,0.0,True,31_Sncg,n36
69,37.09375,0.0778,,,10,5.0938,0.0778,False,n38,n31
70,34.4375,0.05,,,7,2.4375,0.05,False,n39,n38
71,32.5,0.0259,,,2,0.5,0.0259,False,n40,n39
72,32.0,0.0,0.5,#DC27F2,1,,0.0,True,32_Sncg,n40
73,33.0,0.0,0.5,#AE28E6,1,,0.0,True,33_Sncg,n40
74,36.375,0.0444,,,5,2.375,0.0444,False,n41,n39
75,35.25,0.0202,,,3,1.25,0.0202,False,n42,n41
76,34.5,0.0156,,,2,0.5,0.0156,False,n43,n42
77,34.0,0.0,0.5,#711E85,1,,0.0,True,34_Sncg,n43
78,35.0,0.0,0.5,#E826FF,1,,0.0,True,35_Sncg,n43
79,36.0,0.0,0.5,#B727F2,1,,0.0,True,36_Sncg,n42
80,37.5,0.0292,,,2,0.5,0.0292,False,n44,n41
81,37.0,0.0,0.5,#BF28CC,1,,0.0,True,37_Sncg,n44
82,38.0,0.0,0.5,#B028D3,1,,0.0,True,38_Sncg,n44
83,39.75,0.0491,,,3,0.75,0.0491,False,n45,n38
84,39.0,0.0,0.5,#CC7784,1,,0.0,True,39_Lamp5,n45
85,40.5,0.0148,,,2,0.5,0.0148,False,n46,n45
86,40.0,0.0,0.5,#7F4C8C,1,,0.0,True,40_Vip,n46
87,41.0,0.0,0.5,#DF70FF,1,,0.0,True,41_Vip,n46
88,50.65234375,0.0868,,,18,8.6523,0.0868,False,n47,n8
89,44.8046875,0.0741,,,12,2.8047,0.0741,False,n48,n47
90,42.5,0.0428,,,2,0.5,0.0428,False,n49,n48
91,42.0,0.0,0.5,#8B5199,1,,0.0,True,42_Vip,n49
92,43.0,0.0,0.5,#C667D9,1,,0.0,True,43_Vip,n49
93,47.109375,0.055,,,10,3.1094,0.055,False,n50,n48
94,45.25,0.0438,,,3,1.25,0.0438,False,n51,n50
95,44.5,0.0269,,,2,0.5,0.0269,False,n52,n51
96,44.0,0.0,0.5,#9256A6,1,,0.0,True,44_Vip,n52
97,45.0,0.0,0.5,#D26AE6,1,,0.0,True,45_Vip,n52
98,46.0,0.0,0.5,#9A5AB3,1,,0.0,True,46_Vip,n51
99,48.96875,0.043,,,7,1.9688,0.043,False,n53,n50
100,47.5,0.0261,,,2,0.5,0.0261,False,n54,n53
101,47.0,0.0,0.5,#DD6DF2,1,,0.0,True,47_Vip,n54
102,48.0,0.0,0.5,#A45FBF,1,,0.0,True,48_Vip,n54
103,50.4375,0.0362,,,5,1.4375,0.0362,False,n55,n53
104,49.0,0.0,0.5,#B563CC,1,,0.0,True,49_Vip,n55
105,51.875,0.0323,,,4,1.875,0.0323,False,n56,n55
106,50.75,0.0263,,,3,0.75,0.0263,False,n57,n56
107,50.0,0.0,0.5,#B65FBF,1,,0.0,True,50_Vip,n57
108,51.5,0.0173,,,2,0.5,0.0173,False,n58,n57
109,51.0,0.0,0.5,#AA5AB3,1,,0.0,True,51_Vip,n58
110,52.0,0.0,0.5,#B967D9,1,,0.0,True,52_Vip,n58
111,53.0,0.0,0.5,#9E56A6,1,,0.0,True,53_Vip,n56
112,56.5,0.0404,,,6,2.5,0.0404,False,n59,n47
113,54.75,0.0171,,,3,0.75,0.0171,False,n60,n59
114,54.0,0.0,0.5,#C36AE6,1,,0.0,True,54_Vip,n60
115,55.5,0.0105,,,2,0.5,0.0105,False,n61,n60
116,55.0,0.0,0.5,#C263CC,1,,0.0,True,55_Vip,n61
117,56.0,0.0,0.5,#CD6DF2,1,,0.0,True,56_Vip,n61
118,58.25,0.0286,,,3,1.25,0.0286,False,n62,n59
119,57.5,0.0202,,,2,0.5,0.0202,False,n63,n62
120,57.0,0.0,0.5,#F170FF,1,,0.0,True,57_Vip,n63
121,58.0,0.0,0.5,#D270FF,1,,0.0,True,58_Vip,n63
122,59.0,0.0,0.5,#E96DF2,1,,0.0,True,59_Vip,n62
123,81.4521484375,0.156,,,60,21.4521,0.156,False,n64,n7
124,61.875,0.0232,,,4,1.875,0.0232,False,n65,n64
125,60.75,0.0147,,,3,0.75,0.0147,False,n66,n65
126,60.0,0.0,0.5,#91910E,1,,0.0,True,60_Sst Chodl,n66
127,61.5,0.002,,,2,0.5,0.002,False,n67,n66
128,61.0,0.0,0.5,#ECD704,1,,0.0,True,61_Sst Chodl,n67
129,62.0,0.0,0.5,#B1B10C,1,,0.0,True,62_Sst Chodl,n67
130,63.0,0.0,0.5,#F9F801,1,,0.0,True,63_Sst Chodl,n65
131,101.029296875,0.1182,,,56,37.0293,0.1182,False,n68,n64
132,87.21875,0.0842,,,38,23.2188,0.0842,False,n69,n68
133,76.1875,0.067,,,32,12.1875,0.067,False,n70,n69
134,68.3125,0.0592,,,10,4.3125,0.0592,False,n71,n70
135,65.875,0.0346,,,4,1.875,0.0346,False,n72,n71
136,64.75,0.0161,,,3,0.75,0.0161,False,n73,n72
137,64.0,0.0,0.5,#CC6709,1,,0.0,True,64_Sst,n73
138,65.5,0.0126,,,2,0.5,0.0126,False,n74,n73
139,65.0,0.0,0.5,#996A0E,1,,0.0,True,65_Sst,n74
140,66.0,0.0,0.5,#D96C07,1,,0.0,True,66_Sst,n74
141,67.0,0.0,0.5,#8C620E,1,,0.0,True,67_Sst,n72
142,70.75,0.027,,,6,2.75,0.027,False,n75,n71
143,69.25,0.0136,,,3,1.25,0.0136,False,n76,n75
144,68.5,0.0087,,,2,0.5,0.0087,False,n77,n76
145,68.0,0.0,0.5,#A65B0D,1,,0.0,True,68_Sst,n77
146,69.0,0.0,0.5,#BF7D0B,1,,0.0,True,69_Sst,n77
147,70.0,0.0,0.5,#B3580C,1,,0.0,True,70_Sst,n76
148,72.25,0.017,,,3,1.25,0.017,False,n78,n75
149,71.5,0.0144,,,2,0.5,0.0144,False,n79,n78
150,71.0,0.0,0.5,#B3750C,1,,0.0,True,71_Sst,n79
151,72.0,0.0,0.5,#BF5E0B,1,,0.0,True,72_Sst,n79
152,73.0,0.0,0.5,#A66D0D,1,,0.0,True,73_Sst,n78
153,84.0625,0.0574,,,22,10.0625,0.0574,False,n80,n70
154,79.25,0.0478,,,10,5.25,0.0478,False,n81,n80
155,76.75,0.0465,,,5,2.75,0.0465,False,n82,n81
156,75.5,0.0241,,,4,1.5,0.0241,False,n83,n82
157,74.5,0.0134,,,2,0.5,0.0134,False,n84,n83
158,74.0,0.0,0.5,#8C4E0E,1,,0.0,True,74_Sst,n84
159,75.0,0.0,0.5,#F29303,1,,0.0,True,75_Sst,n84
160,76.5,0.0206,,,2,0.5,0.0206,False,n85,n83
161,76.0,0.0,0.5,#99550E,1,,0.0,True,76_Sst,n85
162,77.0,0.0,0.5,#FF9900,1,,0.0,True,77_Sst,n85
163,78.0,0.0,0.5,#CC9509,1,,0.0,True,78_Sst,n82
164,81.75,0.0337,,,5,2.75,0.0337,False,n86,n81
165,80.5,0.0229,,,4,1.5,0.0229,False,n87,n86
166,79.5,0.0139,,,2,0.5,0.0139,False,n88,n87
167,79.0,0.0,0.5,#E67105,1,,0.0,True,79_Sst,n88
168,80.0,0.0,0.5,#CC8A09,1,,0.0,True,80_Sst,n88
169,81.5,0.0106,,,2,0.5,0.0106,False,n89,n87
170,81.0,0.0,0.5,#F27503,1,,0.0,True,81_Sst,n89
171,82.0,0.0,0.5,#D99207,1,,0.0,True,82_Sst,n89
172,83.0,0.0,0.5,#FF7A00,1,,0.0,True,83_Sst,n86
173,88.875,0.0522,,,12,4.875,0.0522,False,n90,n80
174,85.5625,0.0339,,,6,1.5625,0.0339,False,n91,n90
175,84.0,0.0,0.5,#E69A05,1,,0.0,True,84_Sst,n91
176,87.125,0.0286,,,5,2.125,0.0286,False,n92,n91
177,85.75,0.0175,,,3,0.75,0.0175,False,n93,n92
178,85.0,0.0,0.5,#BF670B,1,,0.0,True,85_Sst,n93
179,86.5,0.0125,,,2,0.5,0.0125,False,n94,n93
180,86.0,0.0,0.5,#F2A103,1,,0.0,True,86_Sst,n94
181,87.0,0.0,0.5,#B3610C,1,,0.0,True,87_Sst,n94
182,88.5,0.0114,,,2,0.5,0.0114,False,n95,n92
183,88.0,0.0,0.5,#FFA900,1,,0.0,True,88_Sst,n95
184,89.0,0.0,0.5,#CC7209,1,,0.0,True,89_Sst,n95
185,92.1875,0.0427,,,6,2.1875,0.0427,False,n96,n90
186,90.5,0.0164,,,2,0.5,0.0164,False,n97,n96
187,90.0,0.0,0.5,#BF880B,1,,0.0,True,90_Sst,n97
188,91.0,0.0,0.5,#D97807,1,,0.0,True,91_Sst,n97
189,93.875,0.0355,,,4,1.875,0.0355,False,n98,n96
190,92.75,0.0232,,,3,0.75,0.0232,False,n99,n98
191,92.0,0.0,0.5,#B37F0C,1,,0.0,True,92_Sst,n99
192,93.5,0.0082,,,2,0.5,0.0082,False,n100,n99
193,93.0,0.0,0.5,#E67E05,1,,0.0,True,93_Sst,n100
194,94.0,0.0,0.5,#A6770D,1,,0.0,True,94_Sst,n100
195,95.0,0.0,0.5,#F28403,1,,0.0,True,95_Sst,n98
196,98.25,0.0492,,,6,2.25,0.0492,False,n101,n69
197,96.75,0.0223,,,3,0.75,0.0223,False,n102,n101
198,96.0,0.0,0.5,#FF8A00,1,,0.0,True,96_Sst,n102
199,97.5,0.0091,,,2,0.5,0.0091,False,n103,n102
200,97.0,0.0,0.5,#D99F07,1,,0.0,True,97_Sst,n103
201,98.0,0.0,0.5,#BF720B,1,,0.0,True,98_Sst,n103
202,99.75,0.0448,,,3,0.75,0.0448,False,n104,n101
203,99.0,0.0,0.5,#E6A705,1,,0.0,True,99_Sst,n104
204,100.5,0.0185,,,2,0.5,0.0185,False,n105,n104
205,100.0,0.0,0.5,#B36B0C,1,,0.0,True,100_Sst,n105
206,101.0,0.0,0.5,#F2B003,1,,0.0,True,101_Sst,n105
207,114.83984375,0.1132,,,18,12.8398,0.1132,False,n106,n68
208,110.6796875,0.089,,,17,8.6797,0.089,False,n107,n106
209,105.125,0.064,,,7,3.125,0.064,False,n108,n107
210,103.5,0.048,,,4,1.5,0.048,False,n109,n108
211,102.5,0.0404,,,2,0.5,0.0404,False,n110,n109
212,102.0,0.0,0.5,#CC7E09,1,,0.0,True,102_Sst,n110
213,103.0,0.0,0.5,#FFB800,1,,0.0,True,103_Sst,n110
214,104.5,0.0304,,,2,0.5,0.0304,False,n111,n109
215,104.0,0.0,0.5,#D98507,1,,0.0,True,104_Sst,n111
216,105.0,0.0,0.5,#8C2734,1,,0.0,True,105_Pvalb,n111
217,106.75,0.0203,,,3,0.75,0.0203,False,n112,n108
218,106.0,0.0,0.5,#CC322E,1,,0.0,True,106_Pvalb,n112
219,107.5,0.0147,,,2,0.5,0.0147,False,n113,n112
220,107.0,0.0,0.5,#99282D,1,,0.0,True,107_Pvalb,n113
221,108.0,0.0,0.5,#D93031,1,,0.0,True,108_Pvalb,n113
222,116.234375,0.0544,,,10,7.2344,0.0544,False,n114,n107
223,114.46875,0.042,,,9,5.4688,0.042,False,n115,n114
224,112.4375,0.0337,,,7,3.4375,0.0337,False,n116,n115
225,111.125,0.0308,,,4,2.125,0.0308,False,n117,n116
226,110.25,0.0151,,,3,1.25,0.0151,False,n118,n117
227,109.5,0.014,,,2,0.5,0.014,False,n119,n118
228,109.0,0.0,0.5,#B92C3E,1,,0.0,True,109_Pvalb,n119
229,110.0,0.0,0.5,#FF3031,1,,0.0,True,110_Pvalb,n119
230,111.0,0.0,0.5,#CC2D41,1,,0.0,True,111_Pvalb,n118
231,112.0,0.0,0.5,#B9342C,1,,0.0,True,112_Pvalb,n117
232,113.75,0.0182,,,3,0.75,0.0182,False,n120,n116
233,113.0,0.0,0.5,#8C2A27,1,,0.0,True,113_Pvalb,n120
234,114.5,0.0136,,,2,0.5,0.0136,False,n121,n120
235,114.0,0.0,0.5,#D92D43,1,,0.0,True,114_Pvalb,n121
236,115.0,0.0,0.5,#EC2D46,1,,0.0,True,115_Pvalb,n121
237,116.5,0.019,,,2,0.5,0.019,False,n122,n115
238,116.0,0.0,0.5,#A62A2F,1,,0.0,True,116_Pvalb,n122
239,117.0,0.0,0.5,#EC3031,1,,0.0,True,117_Pvalb,n122
240,118.0,0.0,0.5,#D93C2D,1,,0.0,True,118_Pvalb,n114
241,119.0,0.0,0.5,#FF2D4E,1,,0.0,True,119_Pvalb Vipr2,n106
242,207.66100120544434,0.2248,,,235,87.661,0.2248,False,n123,n5
243,122.5,0.0942,,,6,2.5,0.0942,False,n124,n123
244,121.25,0.0272,,,3,1.25,0.0272,False,n125,n124
245,120.5,0.017,,,2,0.5,0.017,False,n126,n125
246,120.0,0.0,0.5,#2E3493,1,,0.0,True,120_DG,n126
247,121.0,0.0,0.5,#3749D3,1,,0.0,True,121_DG,n126
248,122.0,0.0,0.5,#304AA0,1,,0.0,True,122_DG,n125
249,123.75,0.0448,,,3,0.75,0.0448,False,n127,n124
250,123.0,0.0,0.5,#3864F2,1,,0.0,True,123_DG,n127
251,124.5,0.0065,,,2,0.5,0.0065,False,n128,n127
252,124.0,0.0,0.5,#3447B9,1,,0.0,True,124_DG,n128
253,125.0,0.0,0.5,#3842EC,1,,0.0,True,125_DG,n128
254,292.8220024108887,0.1603,,,229,166.822,0.1603,False,n129,n123
255,257.96810150146484,0.1523,,,177,131.9681,0.1523,False,n130,n129
256,228.2584686279297,0.1454,,,137,102.2585,0.1454,False,n131,n130
257,196.39193725585938,0.1314,,,132,70.3919,0.1314,False,n132,n131
258,144.37762451171875,0.1276,,,108,18.3776,0.1276,False,n133,n132
259,129.96875,0.0948,,,11,3.9688,0.0948,False,n134,n133
260,127.5,0.0398,,,4,1.5,0.0398,False,n135,n134
261,126.5,0.0253,,,2,0.5,0.0253,False,n136,n135
262,126.0,0.0,0.5,#268063,1,,0.0,True,126_L2/3 IT APr,n136
263,127.0,0.0,0.5,#2CAD91,1,,0.0,True,127_L2/3 IT APr,n136
264,128.5,0.0168,,,2,0.5,0.0168,False,n137,n135
265,128.0,0.0,0.5,#299373,1,,0.0,True,128_L2/3 IT APr,n137
266,129.0,0.0,0.5,#2FD3B0,1,,0.0,True,129_L2/3 IT APr,n137
267,132.4375,0.0857,,,7,2.4375,0.0857,False,n138,n134
268,130.5,0.0367,,,2,0.5,0.0367,False,n139,n138
269,130.0,0.0,0.5,#2CAD7A,1,,0.0,True,130_L2 IT RSPv,n139
270,131.0,0.0,0.5,#30E6BA,1,,0.0,True,131_L2 IT RSPv,n139
271,134.375,0.0651,,,5,2.375,0.0651,False,n140,n138
272,133.25,0.0124,,,3,1.25,0.0124,False,n141,n140
273,132.5,0.0109,,,2,0.5,0.0109,False,n142,n141
274,132.0,0.0,0.5,#2BA087,1,,0.0,True,132_L2/3 IT PPP,n142
275,133.0,0.0,0.5,#2FCA96,1,,0.0,True,133_L2/3 IT PPP,n142
276,134.0,0.0,0.5,#30E69E,1,,0.0,True,134_L2/3 IT PPP,n141
277,135.5,0.0275,,,2,0.5,0.0275,False,n143,n140
278,135.0,0.0,0.5,#1D995D,1,,0.0,True,135_L2/3 IT PPP,n143
279,136.0,0.0,0.5,#1EB378,1,,0.0,True,136_L2/3 IT PPP,n143
280,158.7864990234375,0.1182,,,97,21.7865,0.1182,False,n144,n133
281,137.75,0.0257,,,3,0.75,0.0257,False,n145,n144
282,137.0,0.0,0.5,#308B2F,1,,0.0,True,137_L2 IT ENTl,n145
283,138.5,0.0183,,,2,0.5,0.0183,False,n146,n145
284,138.0,0.0,0.5,#27A020,1,,0.0,True,138_L2 IT ENTl,n146
285,139.0,0.0,0.5,#0E8C30,1,,0.0,True,139_L2 IT ENTl,n146
286,179.822998046875,0.1041,,,94,39.823,0.1041,False,n147,n144
287,152.69140625,0.1004,,,45,12.6914,0.1004,False,n148,n147
288,143.5625,0.0368,,,7,3.5625,0.0368,False,n149,n148
289,141.625,0.0241,,,5,1.625,0.0241,False,n150,n149
290,140.5,0.0093,,,2,0.5,0.0093,False,n151,n150
291,140.0,0.0,0.5,#6CB31E,1,,0.0,True,140_L3 IT ENTm,n151
292,141.0,0.0,0.5,#299337,1,,0.0,True,141_L3 IT ENTm,n151
293,142.75,0.0112,,,3,0.75,0.0112,False,n152,n150
294,142.0,0.0,0.5,#5DA02B,1,,0.0,True,142_L3 IT ENTm,n152
295,143.5,0.006,,,2,0.5,0.006,False,n153,n152
296,143.0,0.0,0.5,#65CA2F,1,,0.0,True,143_L3 IT ENTm,n153
297,144.0,0.0,0.5,#2F990E,1,,0.0,True,144_L3 IT ENTl,n153
298,145.5,0.0123,,,2,0.5,0.0123,False,n154,n149
299,145.0,0.0,0.5,#81CD2F,1,,0.0,True,145_L3 IT ENTl,n154
300,146.0,0.0,0.5,#468026,1,,0.0,True,146_L3 IT ENTl,n154
301,161.8203125,0.0838,,,38,14.8203,0.0838,False,n155,n148
302,150.71875,0.0786,,,11,3.7188,0.0786,False,n156,n155
303,147.75,0.0142,,,3,0.75,0.0142,False,n157,n156
304,147.0,0.0,0.5,#1DD96C,1,,0.0,True,147_L2 IT PAR,n157
305,148.5,0.0088,,,2,0.5,0.0088,False,n158,n157
306,148.0,0.0,0.5,#1BF290,1,,0.0,True,148_L2 IT PAR,n158
307,149.0,0.0,0.5,#1AF971,1,,0.0,True,149_L2 IT PAR,n158
308,153.6875,0.0672,,,8,3.6875,0.0672,False,n159,n156
309,151.5,0.0311,,,4,1.5,0.0311,False,n160,n159
310,150.5,0.009,,,2,0.5,0.009,False,n161,n160
311,150.0,0.0,0.5,#39EC1C,1,,0.0,True,150_L2 IT ENTm,n161
312,151.0,0.0,0.5,#00FF4C,1,,0.0,True,151_L2 IT ENTm,n161
313,152.5,0.0138,,,2,0.5,0.0138,False,n162,n160
314,152.0,0.0,0.5,#7DE630,1,,0.0,True,152_L2 IT ENTm,n162
315,153.0,0.0,0.5,#42EC04,1,,0.0,True,153_L2 IT ENTm,n162
316,155.875,0.0359,,,4,1.875,0.0359,False,n163,n159
317,154.75,0.0264,,,3,0.75,0.0264,False,n164,n163
318,154.0,0.0,0.5,#34B91E,1,,0.0,True,154_L2 IT ProS,n164
319,155.5,0.0153,,,2,0.5,0.0153,False,n165,n164
320,155.0,0.0,0.5,#21EC1D,1,,0.0,True,155_L2 IT ProS,n165
321,156.0,0.0,0.5,#55B927,1,,0.0,True,156_L2 IT ProS,n165
322,157.0,0.0,0.5,#22CC20,1,,0.0,True,157_L2 IT HATA,n163
323,172.921875,0.0656,,,27,14.9219,0.0656,False,n166,n155
324,164.671875,0.0473,,,12,6.6719,0.0473,False,n167,n166
325,161.96875,0.0314,,,7,3.9688,0.0314,False,n168,n167
326,160.4375,0.0263,,,5,2.4375,0.0263,False,n169,n168
327,158.875,0.0248,,,4,0.875,0.0248,False,n170,n169
328,158.0,0.0,0.5,#6A991D,1,,0.0,True,158_L2/3 IT ENTl,n170
329,159.75,0.013,,,3,0.75,0.013,False,n171,n170
330,159.0,0.0,0.5,#BCFF1A,1,,0.0,True,159_L2/3 IT ENTl,n171
331,160.5,0.0085,,,2,0.5,0.0085,False,n172,n171
332,160.0,0.0,0.5,#87B31E,1,,0.0,True,160_L2/3 IT ENTl,n172
333,161.0,0.0,0.5,#8DD31E,1,,0.0,True,161_L2/3 IT ENTl,n172
334,162.0,0.0,0.5,#9EE61D,1,,0.0,True,162_L2/3 IT ENTl,n169
335,163.5,0.0152,,,2,0.5,0.0152,False,n173,n168
336,163.0,0.0,0.5,#A6B90C,1,,0.0,True,163_L2/3 IT ENTl,n173
337,164.0,0.0,0.5,#A4E605,1,,0.0,True,164_L2/3 IT ENTl,n173
338,167.375,0.0335,,,5,2.375,0.0335,False,n174,n167
339,166.25,0.0182,,,3,1.25,0.0182,False,n175,n174
340,165.5,0.0134,,,2,0.5,0.0134,False,n176,n175
341,165.0,0.0,0.5,#7E9A0E,1,,0.0,True,165_L2/3 IT ENTl,n176
342,166.0,0.0,0.5,#C4EC04,1,,0.0,True,166_L2/3 IT ENTl,n176
343,167.0,0.0,0.5,#7CB927,1,,0.0,True,167_L2/3 IT ENTl,n175
344,168.5,0.0155,,,2,0.5,0.0155,False,n177,n174
345,168.0,0.0,0.5,#AFE32A,1,,0.0,True,168_L2/3 IT ENTl,n177
346,169.0,0.0,0.5,#78C630,1,,0.0,True,169_L2/3 IT ENTl,n177
347,181.171875,0.0541,,,15,11.1719,0.0541,False,n178,n166
348,178.34375,0.0475,,,14,8.3438,0.0475,False,n179,n178
349,174.9375,0.0237,,,11,4.9375,0.0237,False,n180,n179
350,172.25,0.0201,,,6,2.25,0.0201,False,n181,n180
351,170.75,0.0164,,,3,0.75,0.0164,False,n182,n181
352,170.0,0.0,0.5,#0E993B,1,,0.0,True,170_L2/3 IT CTX,n182
353,171.5,0.0103,,,2,0.5,0.0103,False,n183,n182
354,171.0,0.0,0.5,#0BBF45,1,,0.0,True,171_L2/3 IT CTX,n183
355,172.0,0.0,0.5,#0CB333,1,,0.0,True,172_L2/3 IT CTX,n183
356,173.75,0.0124,,,3,0.75,0.0124,False,n184,n181
357,173.0,0.0,0.5,#09CC4F,1,,0.0,True,173_L2/3 IT ENTl,n184
358,174.5,0.0093,,,2,0.5,0.0093,False,n185,n184
359,174.0,0.0,0.5,#09CC37,1,,0.0,True,174_L2/3 IT CTX,n185
360,175.0,0.0,0.5,#0CB351,1,,0.0,True,175_L2/3 IT CTX,n185
361,177.625,0.0147,,,5,1.625,0.0147,False,n186,n180
362,176.5,0.0042,,,2,0.5,0.0042,False,n187,n186
363,176.0,0.0,0.5,#04EC33,1,,0.0,True,176_L2/3 IT CTX,n187
364,177.0,0.0,0.5,#07D95F,1,,0.0,True,177_L2/3 IT CTX,n187
365,178.75,0.0121,,,3,0.75,0.0121,False,n188,n186
366,178.0,0.0,0.5,#00FF34,1,,0.0,True,178_L2/3 IT CTX,n188
367,179.5,0.0086,,,2,0.5,0.0086,False,n189,n188
368,179.0,0.0,0.5,#04EC5E,1,,0.0,True,179_L2/3 IT CTX,n189
369,180.0,0.0,0.5,#07D945,1,,0.0,True,180_L2/3 IT CTX,n189
370,181.75,0.0257,,,3,0.75,0.0257,False,n190,n179
371,181.0,0.0,0.5,#30E643,1,,0.0,True,181_L2/3 IT CTX,n190
372,182.5,0.0141,,,2,0.5,0.0141,False,n191,n190
373,182.0,0.0,0.5,#2EB934,1,,0.0,True,182_L2/3 IT CTX,n191
374,183.0,0.0,0.5,#02F970,1,,0.0,True,183_L2/3 IT CTX,n191
375,184.0,0.0,0.5,#310EA0,1,,0.0,True,184_L2/3 IT TPE,n178
376,206.95458984375,0.0927,,,49,21.9546,0.0927,False,n192,n147
377,193.7265625,0.0656,,,24,8.7266,0.0656,False,n193,n192
378,186.25,0.0522,,,3,1.25,0.0522,False,n194,n193
379,185.5,0.032,,,2,0.5,0.032,False,n195,n194
380,185.0,0.0,0.5,#8CEC04,1,,0.0,True,185_L2 IT RSP-ACA,n195
381,186.0,0.0,0.5,#B1EC30,1,,0.0,True,186_L2 IT RSP-ACA,n195
382,187.0,0.0,0.5,#05E694,1,,0.0,True,187_L2/3 IT CTX,n194
383,201.203125,0.0575,,,21,13.2031,0.0575,False,n196,n193
384,196.65625,0.0459,,,15,8.6562,0.0459,False,n197,n196
385,193.1875,0.0321,,,10,5.1875,0.0321,False,n198,n197
386,190.5,0.028,,,6,2.5,0.028,False,n199,n198
387,188.75,0.0257,,,3,0.75,0.0257,False,n200,n199
388,188.0,0.0,0.5,#00FFFF,1,,0.0,True,188_L4/5 IT CTX,n200
389,189.5,0.0136,,,2,0.5,0.0136,False,n201,n200
390,189.0,0.0,0.5,#0E8B8B,1,,0.0,True,189_L4/5 IT CTX,n201
391,190.0,0.0,0.5,#0BBEBE,1,,0.0,True,190_L4/5 IT CTX,n201
392,192.25,0.0213,,,3,1.25,0.0213,False,n202,n199
393,191.5,0.0057,,,2,0.5,0.0057,False,n203,n202
394,191.0,0.0,0.5,#0E9797,1,,0.0,True,191_L4/5 IT CTX,n203
395,192.0,0.0,0.5,#07D8D8,1,,0.0,True,192_L4/5 IT CTX,n203
396,193.0,0.0,0.5,#0DA3A3,1,,0.0,True,193_L4/5 IT CTX,n202
397,195.875,0.0209,,,4,1.875,0.0209,False,n204,n198
398,194.75,0.0171,,,3,0.75,0.0171,False,n205,n204
399,194.0,0.0,0.5,#0E996B,1,,0.0,True,194_L4/5 IT CTX,n205
400,195.5,0.0085,,,2,0.5,0.0085,False,n206,n205
401,195.0,0.0,0.5,#0CB1B1,1,,0.0,True,195_L4/5 IT CTX,n206
402,196.0,0.0,0.5,#07C6D9,1,,0.0,True,196_L4/5 IT CTX,n206
403,197.0,0.0,0.5,#09CCC6,1,,0.0,True,197_L4/5 IT CTX,n204
404,200.125,0.0376,,,5,2.125,0.0376,False,n207,n197
405,198.75,0.0209,,,3,0.75,0.0209,False,n208,n207
406,198.0,0.0,0.5,#04D7EC,1,,0.0,True,198_L4/5 IT CTX,n208
407,199.5,0.0141,,,2,0.5,0.0141,False,n209,n208
408,199.0,0.0,0.5,#04ECD7,1,,0.0,True,199_L4/5 IT CTX,n209
409,200.0,0.0,0.5,#02E2F9,1,,0.0,True,200_L4/5 IT CTX,n209
410,201.5,0.0091,,,2,0.5,0.0091,False,n210,n207
411,201.0,0.0,0.5,#00FFE0,1,,0.0,True,201_L4/5 IT TPE-ENT,n210
412,202.0,0.0,0.5,#00F0FF,1,,0.0,True,202_L4/5 IT TPE-ENT,n210
413,205.75,0.044,,,6,2.75,0.044,False,n211,n196
414,204.25,0.0292,,,3,1.25,0.0292,False,n212,n211
415,203.5,0.023,,,2,0.5,0.023,False,n213,n212
416,203.0,0.0,0.5,#52B8AA,1,,0.0,True,203_L5 IT CTX,n213
417,204.0,0.0,0.5,#5EEBE8,1,,0.0,True,204_L5 IT CTX,n213
418,205.0,0.0,0.5,#55C5B5,1,,0.0,True,205_L5 IT CTX,n212
419,207.25,0.033,,,3,1.25,0.033,False,n214,n211
420,206.5,0.0112,,,2,0.5,0.0112,False,n215,n214
421,206.0,0.0,0.5,#4EA8AC,1,,0.0,True,206_L5 IT CTX,n215
422,207.0,0.0,0.5,#58D2C1,1,,0.0,True,207_L5 IT CTX,n215
423,208.0,0.0,0.5,#4A9E9E,1,,0.0,True,208_L5 IT CTX,n214
424,220.1826171875,0.0599,,,25,11.1826,0.0599,False,n216,n192
425,211.4375,0.0277,,,5,2.4375,0.0277,False,n217,n216
426,209.875,0.0212,,,4,0.875,0.0212,False,n218,n217
427,209.0,0.0,0.5,#55C5C3,1,,0.0,True,209_L5 IT TPE-ENT,n218
428,210.75,0.0188,,,3,0.75,0.0188,False,n219,n218
429,210.0,0.0,0.5,#4A9F93,1,,0.0,True,210_L5 IT TPE-ENT,n219
430,211.5,0.0129,,,2,0.5,0.0129,False,n220,n219
431,211.0,0.0,0.5,#58D2CF,1,,0.0,True,211_L5 IT TPE-ENT,n220
432,212.0,0.0,0.5,#4EAC9C,1,,0.0,True,212_L5 IT TPE-ENT,n220
433,213.0,0.0,0.5,#5BDFDC,1,,0.0,True,213_L5 IT TPE-ENT,n217
434,228.927734375,0.0566,,,20,14.9277,0.0566,False,n221,n216
435,225.35546875,0.0511,,,18,11.3555,0.0511,False,n222,n221
436,220.9609375,0.0427,,,15,6.9609,0.0427,False,n223,n222
437,216.375,0.0228,,,5,2.375,0.0228,False,n224,n223
438,215.25,0.0186,,,3,1.25,0.0186,False,n225,n224
439,214.5,0.0157,,,2,0.5,0.0157,False,n226,n225
440,214.0,0.0,0.5,#80C125,1,,0.0,True,214_L5/6 IT CTX,n226
441,215.0,0.0,0.5,#5B8C17,1,,0.0,True,215_L5/6 IT CTX,n226
442,216.0,0.0,0.5,#A8E05A,1,,0.0,True,216_L5/6 IT CTX,n225
443,217.5,0.0093,,,2,0.5,0.0093,False,n227,n224
444,217.0,0.0,0.5,#88A63A,1,,0.0,True,217_L5/6 IT CTX,n227
445,218.0,0.0,0.5,#94CD45,1,,0.0,True,218_L5/6 IT CTX,n227
446,225.546875,0.0405,,,10,6.5469,0.0405,False,n228,n223
447,223.09375,0.0327,,,9,4.0938,0.0327,False,n229,n228
448,220.4375,0.0267,,,6,1.4375,0.0267,False,n230,n229
449,219.0,0.0,0.5,#9B8422,1,,0.0,True,219_L6 IT CTX,n230
450,221.875,0.0218,,,5,1.875,0.0218,False,n231,n230
451,220.5,0.0197,,,2,0.5,0.0197,False,n232,n231
452,220.0,0.0,0.5,#CEC823,1,,0.0,True,220_L6 IT CTX,n232
453,221.0,0.0,0.5,#9A9922,1,,0.0,True,221_L6 IT CTX,n232
454,223.25,0.0167,,,3,1.25,0.0167,False,n233,n231
455,222.5,0.012,,,2,0.5,0.012,False,n234,n233
456,222.0,0.0,0.5,#D5DA23,1,,0.0,True,222_L6 IT CTX,n234
457,223.0,0.0,0.5,#B49A23,1,,0.0,True,223_L6 IT CTX,n234
458,224.0,0.0,0.5,#8D8C20,1,,0.0,True,224_L6 IT CTX,n233
459,225.75,0.0242,,,3,0.75,0.0242,False,n235,n229
460,225.0,0.0,0.5,#C1A423,1,,0.0,True,225_L6 IT CTX,n235
461,226.5,0.0087,,,2,0.5,0.0087,False,n236,n235
462,226.0,0.0,0.5,#A7A322,1,,0.0,True,226_L6 IT CTX,n236
463,227.0,0.0,0.5,#C8B323,1,,0.0,True,227_L6 IT CTX,n236
464,228.0,0.0,0.5,#BDC123,1,,0.0,True,228_L6 IT RHP,n228
465,229.75,0.0132,,,3,0.75,0.0132,False,n237,n222
466,229.0,0.0,0.5,#81791F,1,,0.0,True,229_L6 IT CTX,n237
467,230.5,0.01,,,2,0.5,0.01,False,n238,n237
468,230.0,0.0,0.5,#B2AD23,1,,0.0,True,230_L6 IT CTX,n238
469,231.0,0.0,0.5,#DABE23,1,,0.0,True,231_L6 IT CTX,n238
470,232.5,0.0195,,,2,0.5,0.0195,False,n239,n221
471,232.0,0.0,0.5,#68621B,1,,0.0,True,232_L6 IT ENTl,n239
472,233.0,0.0,0.5,#847B15,1,,0.0,True,233_L6 IT ENTl,n239
473,248.40625,0.126,,,24,14.4062,0.126,False,n240,n132
474,239.8125,0.121,,,23,5.8125,0.121,False,n241,n240
475,234.75,0.0698,,,3,0.75,0.0698,False,n242,n241
476,234.0,0.0,0.5,#4D9980,1,,0.0,True,234_L3 RSP-ACA,n242
477,235.5,0.0119,,,2,0.5,0.0119,False,n243,n242
478,235.0,0.0,0.5,#63E6BE,1,,0.0,True,235_L3 RSP-ACA,n243
479,236.0,0.0,0.5,#5BC6A1,1,,0.0,True,236_L3 RSP-ACA,n243
480,244.875,0.0786,,,20,7.875,0.0786,False,n244,n241
481,238.25,0.0131,,,3,1.25,0.0131,False,n245,n244
482,237.5,0.0065,,,2,0.5,0.0065,False,n246,n245
483,237.0,0.0,0.5,#0000FF,1,,0.0,True,237_L5 PT CTX,n246
484,238.0,0.0,0.5,#2C43E6,1,,0.0,True,238_L5 PT CTX,n246
485,239.0,0.0,0.5,#3B2CE1,1,,0.0,True,239_L5 PT CTX,n245
486,251.5,0.0449,,,17,11.5,0.0449,False,n247,n244
487,247.5,0.0406,,,15,7.5,0.0406,False,n248,n247
488,244.125,0.0326,,,9,4.125,0.0326,False,n249,n248
489,242.125,0.0207,,,5,2.125,0.0207,False,n250,n249
490,240.75,0.0187,,,3,0.75,0.0187,False,n251,n250
491,240.0,0.0,0.5,#0A89B1,1,,0.0,True,240_L5 PT CTX,n251
492,241.5,0.0111,,,2,0.5,0.0111,False,n252,n251
493,241.0,0.0,0.5,#0C4458,1,,0.0,True,241_L5 PT CTX,n252
494,242.0,0.0,0.5,#0D5D7E,1,,0.0,True,242_L5 PT CTX,n252
495,243.5,0.0076,,,2,0.5,0.0076,False,n253,n250
496,243.0,0.0,0.5,#0D5565,1,,0.0,True,243_L5 PT CTX,n253
497,244.0,0.0,0.5,#0D668B,1,,0.0,True,244_L5 PT CTX,n253
498,246.125,0.0174,,,4,1.125,0.0174,False,n254,n249
499,245.0,0.0,0.5,#0D6072,1,,0.0,True,245_L5 PT CTX,n254
500,247.25,0.014,,,3,1.25,0.014,False,n255,n254
501,246.5,0.0083,,,2,0.5,0.0083,False,n256,n255
502,246.0,0.0,0.5,#0B77A5,1,,0.0,True,246_L5 PT CTX,n256
503,247.0,0.0,0.5,#0D6B7E,1,,0.0,True,247_L5 PT CTX,n256
504,248.0,0.0,0.5,#0D4565,1,,0.0,True,248_L5 PT CTX,n255
505,250.875,0.0361,,,6,1.875,0.0361,False,n257,n248
506,249.0,0.0,0.5,#0B8AA5,1,,0.0,True,249_L5 PT CTX,n257
507,252.75,0.0269,,,5,2.75,0.0269,False,n258,n257
508,251.5,0.0213,,,4,1.5,0.0213,False,n259,n258
509,250.5,0.0108,,,2,0.5,0.0108,False,n260,n259
510,250.0,0.0,0.5,#0C6698,1,,0.0,True,250_L5 PT CTX,n260
511,251.0,0.0,0.5,#0D758B,1,,0.0,True,251_L5 PT CTX,n260
512,252.5,0.0175,,,2,0.5,0.0175,False,n261,n259
513,252.0,0.0,0.5,#0D5A8B,1,,0.0,True,252_L5 PT CTX,n261
514,253.0,0.0,0.5,#0A75B1,1,,0.0,True,253_L5 PT CTX,n261
515,254.0,0.0,0.5,#0D5472,1,,0.0,True,254_L5 PT CTX,n258
516,255.5,0.0327,,,2,0.5,0.0327,False,n262,n247
517,255.0,0.0,0.5,#15F1DA,1,,0.0,True,255_L5 PT RSP-ACA,n262
518,256.0,0.0,0.5,#15D5F6,1,,0.0,True,256_L5 PT RSP-ACA,n262
519,257.0,0.0,0.5,#0EED60,1,,0.0,True,257_L5 PPP,n240
520,260.125,0.0333,,,5,2.125,0.0333,False,n263,n131
521,258.75,0.0246,,,3,0.75,0.0246,False,n264,n263
522,258.0,0.0,0.5,#5504EC,1,,0.0,True,258_L6 Car3,n264
523,259.5,0.018,,,2,0.5,0.018,False,n265,n264
524,259.0,0.0,0.5,#330CB9,1,,0.0,True,259_L6 Car3,n265
525,260.0,0.0,0.5,#520CB9,1,,0.0,True,260_L6 Car3,n265
526,261.5,0.0147,,,2,0.5,0.0147,False,n266,n263
527,261.0,0.0,0.5,#3D08D3,1,,0.0,True,261_L6 Car3,n266
528,262.0,0.0,0.5,#450E93,1,,0.0,True,262_L6 Car3,n266
529,287.677734375,0.1358,,,40,24.6777,0.1358,False,n267,n130
530,276.50390625,0.0977,,,28,13.5039,0.0977,False,n268,n267
531,268.0625,0.0686,,,10,5.0625,0.0686,False,n269,n268
532,265.375,0.0396,,,5,2.375,0.0396,False,n270,n269
533,264.25,0.0341,,,3,1.25,0.0341,False,n271,n270
534,263.5,0.0057,,,2,0.5,0.0057,False,n272,n271
535,263.0,0.0,0.5,#96B4E6,1,,0.0,True,263_SUB,n272
536,264.0,0.0,0.5,#6E8199,1,,0.0,True,264_SUB,n272
537,265.0,0.0,0.5,#9CC1F2,1,,0.0,True,265_SUB,n271
538,266.5,0.0221,,,2,0.5,0.0221,False,n273,n270
539,266.0,0.0,0.5,#768BA6,1,,0.0,True,266_SUB-ProS,n273
540,267.0,0.0,0.5,#A1D0FF,1,,0.0,True,267_SUB-ProS,n273
541,270.75,0.0204,,,5,2.75,0.0204,False,n274,n269
542,269.5,0.0175,,,4,1.5,0.0175,False,n275,n274
543,268.5,0.0107,,,2,0.5,0.0107,False,n276,n275
544,268.0,0.0,0.5,#7D93B3,1,,0.0,True,268_ProS,n276
545,269.0,0.0,0.5,#A1BFFF,1,,0.0,True,269_ProS,n276
546,270.5,0.0063,,,2,0.5,0.0063,False,n277,n275
547,270.0,0.0,0.5,#8398BF,1,,0.0,True,270_ProS,n277
548,271.0,0.0,0.5,#90A7D9,1,,0.0,True,271_ProS,n277
549,272.0,0.0,0.5,#8AA3CC,1,,0.0,True,272_ProS,n274
550,284.9453125,0.0649,,,18,11.9453,0.0649,False,n278,n268
551,280.390625,0.052,,,16,7.3906,0.052,False,n279,n278
552,275.5,0.0375,,,6,2.5,0.0375,False,n280,n279
553,274.25,0.0252,,,3,1.25,0.0252,False,n281,n280
554,273.5,0.0143,,,2,0.5,0.0143,False,n282,n281
555,273.0,0.0,0.5,#8E7ED9,1,,0.0,True,273_CA1-ProS,n282
556,274.0,0.0,0.5,#645B8C,1,,0.0,True,274_CA1-ProS,n282
557,275.0,0.0,0.5,#7265A0,1,,0.0,True,275_CA1-ProS,n281
558,276.75,0.026,,,3,0.75,0.026,False,n283,n280
559,276.0,0.0,0.5,#9A85EC,1,,0.0,True,276_CA1-ProS,n283
560,277.5,0.0139,,,2,0.5,0.0139,False,n284,n283
561,277.0,0.0,0.5,#8274BF,1,,0.0,True,277_CA1-ProS,n284
562,278.0,0.0,0.5,#A68CFF,1,,0.0,True,278_CA1-ProS,n284
563,285.28125,0.0406,,,10,6.2812,0.0406,False,n285,n279
564,283.0625,0.0326,,,8,4.0625,0.0326,False,n286,n285
565,281.375,0.0296,,,5,2.375,0.0296,False,n287,n286
566,280.25,0.0236,,,3,1.25,0.0236,False,n288,n287
567,279.5,0.0081,,,2,0.5,0.0081,False,n289,n288
568,279.0,0.0,0.5,#4B158C,1,,0.0,True,279_CA1,n289
569,280.0,0.0,0.5,#7610EC,1,,0.0,True,280_CA1,n289
570,281.0,0.0,0.5,#4916A0,1,,0.0,True,281_CA1,n288
571,282.5,0.0154,,,2,0.5,0.0154,False,n290,n287
572,282.0,0.0,0.5,#7713D3,1,,0.0,True,282_CA1,n290
573,283.0,0.0,0.5,#5215B9,1,,0.0,True,283_CA1,n290
574,284.75,0.0213,,,3,0.75,0.0213,False,n291,n286
575,284.0,0.0,0.5,#5C11E3,1,,0.0,True,284_CA1,n291
576,285.5,0.0169,,,2,0.5,0.0169,False,n292,n291
577,285.0,0.0,0.5,#850DFF,1,,0.0,True,285_CA1,n292
578,286.0,0.0,0.5,#6016A0,1,,0.0,True,286_CA1,n292
579,287.5,0.0202,,,2,0.5,0.0202,False,n293,n285
580,287.0,0.0,0.5,#680DFF,1,,0.0,True,287_CA1,n293
581,288.0,0.0,0.5,#9110EC,1,,0.0,True,288_CA1,n293
582,289.5,0.0163,,,2,0.5,0.0163,False,n294,n278
583,289.0,0.0,0.5,#9B0DFF,1,,0.0,True,289_CA1,n294
584,290.0,0.0,0.5,#6414C6,1,,0.0,True,290_CA1,n294
585,298.8515625,0.128,,,12,7.8516,0.128,False,n295,n267
586,296.203125,0.0852,,,10,5.2031,0.0852,False,n296,n295
587,293.15625,0.047,,,7,2.1562,0.047,False,n297,n296
588,291.0,0.0,0.5,#4F3F8C,1,,0.0,True,291_CA3,n297
589,295.3125,0.0402,,,6,3.3125,0.0402,False,n298,n297
590,293.625,0.0298,,,5,1.625,0.0298,False,n299,n298
591,292.5,0.0177,,,2,0.5,0.0177,False,n300,n299
592,292.0,0.0,0.5,#6E50CC,1,,0.0,True,292_CA3,n300
593,293.0,0.0,0.5,#5A47A6,1,,0.0,True,293_CA3,n300
594,294.75,0.0172,,,3,0.75,0.0172,False,n301,n299
595,294.0,0.0,0.5,#7353D9,1,,0.0,True,294_CA3,n301
596,295.5,0.0067,,,2,0.5,0.0067,False,n302,n301
597,295.0,0.0,0.5,#5E4EBF,1,,0.0,True,295_CA3,n302
598,296.0,0.0,0.5,#8059FF,1,,0.0,True,296_CA3,n302
599,297.0,0.0,0.5,#6655E6,1,,0.0,True,297_CA3,n298
600,299.25,0.0141,,,3,1.25,0.0141,False,n303,n296
601,298.5,0.0066,,,2,0.5,0.0066,False,n304,n303
602,298.0,0.0,0.5,#694AB3,1,,0.0,True,298_CA3,n304
603,299.0,0.0,0.5,#6C59FF,1,,0.0,True,299_CA3,n304
604,300.0,0.0,0.5,#8557F2,1,,0.0,True,300_CA3,n303
605,301.5,0.0039,,,2,0.5,0.0039,False,n305,n295
606,301.0,0.0,0.5,#AD99FF,1,,0.0,True,301_CA2-IG-FC,n305
607,302.0,0.0,0.5,#765FD2,1,,0.0,True,302_CA2-IG-FC,n305
608,327.6759033203125,0.1231,,,52,24.6759,0.1231,False,n306,n129
609,310.3125,0.0741,,,14,7.3125,0.0741,False,n307,n306
610,307.375,0.0515,,,9,4.375,0.0515,False,n308,n307
611,305.0,0.03,,,6,2.0,0.03,False,n309,n308
612,303.5,0.0159,,,2,0.5,0.0159,False,n310,n309
613,303.0,0.0,0.5,#2F6B48,1,,0.0,True,303_L5 NP CTX,n310
614,304.0,0.0,0.5,#45BE72,1,,0.0,True,304_L5 NP CTX,n310
615,306.5,0.0202,,,4,1.5,0.0202,False,n311,n309
616,305.5,0.0123,,,2,0.5,0.0123,False,n312,n311
617,305.0,0.0,0.5,#357E54,1,,0.0,True,305_L5 NP CTX,n312
618,306.0,0.0,0.5,#48CB80,1,,0.0,True,306_L5 NP CTX,n312
619,307.5,0.0089,,,2,0.5,0.0089,False,n313,n311
620,307.0,0.0,0.5,#3C9861,1,,0.0,True,307_L5 NP CTX,n313
621,308.0,0.0,0.5,#4AD78F,1,,0.0,True,308_L5 NP CTX,n313
622,309.75,0.0437,,,3,0.75,0.0437,False,n314,n308
623,309.0,0.0,0.5,#40A46B,1,,0.0,True,309_L5 NP CTX,n314
624,310.5,0.0329,,,2,0.5,0.0329,False,n315,n314
625,310.0,0.0,0.5,#789359,1,,0.0,True,310_L5 NP CTX,n315
626,311.0,0.0,0.5,#25627F,1,,0.0,True,311_L6 NP CT CTX,n315
627,313.25,0.0616,,,5,1.25,0.0616,False,n316,n307
628,312.0,0.0,0.5,#A4D374,1,,0.0,True,312_NP SUB,n316
629,314.5,0.0371,,,4,1.5,0.0371,False,n317,n316
630,313.5,0.013,,,2,0.5,0.013,False,n318,n317
631,313.0,0.0,0.5,#88A662,1,,0.0,True,313_NP SUB,n318
632,314.0,0.0,0.5,#C0F27F,1,,0.0,True,314_NP SUB,n318
633,315.5,0.0157,,,2,0.5,0.0157,False,n319,n317
634,315.0,0.0,0.5,#93B96A,1,,0.0,True,315_NP SUB,n319
635,316.0,0.0,0.5,#B1E67B,1,,0.0,True,316_NP SUB,n319
636,345.039306640625,0.1128,,,38,28.0393,0.1128,False,n320,n306
637,336.82861328125,0.0978,,,35,19.8286,0.0978,False,n321,n320
638,326.5087890625,0.0822,,,21,9.5088,0.0822,False,n322,n321
639,319.580078125,0.0679,,,14,2.5801,0.0679,False,n323,n322
640,317.75,0.0335,,,3,0.75,0.0335,False,n324,n323
641,317.0,0.0,0.5,#2FA4EB,1,,0.0,True,317_CT SUB,n324
642,318.5,0.0169,,,2,0.5,0.0169,False,n325,n324
643,318.0,0.0,0.5,#2FC6F1,1,,0.0,True,318_CT SUB,n325
644,319.0,0.0,0.5,#2FB4F1,1,,0.0,True,319_CT SUB,n325
645,321.41015625,0.0509,,,11,1.4102,0.0509,False,n326,n323
646,320.0,0.0,0.5,#2B8AA5,1,,0.0,True,320_L6 CT CTX,n326
647,322.8203125,0.049,,,10,1.8203,0.049,False,n327,n326
648,321.5,0.0116,,,2,0.5,0.0116,False,n328,n327
649,321.0,0.0,0.5,#2B77A5,1,,0.0,True,321_L6 CT CTX,n328
650,322.0,0.0,0.5,#2C93B2,1,,0.0,True,322_L6 CT CTX,n328
651,324.140625,0.0333,,,8,1.1406,0.0333,False,n329,n327
652,323.0,0.0,0.5,#296B98,1,,0.0,True,323_L6 CT CTX,n329
653,325.28125,0.0287,,,7,1.2812,0.0287,False,n330,n329
654,324.0,0.0,0.5,#2E9FCB,1,,0.0,True,324_L6 CT CTX,n330
655,326.5625,0.0243,,,6,1.5625,0.0243,False,n331,n330
656,325.0,0.0,0.5,#2E84BE,1,,0.0,True,325_L6 CT CTX,n331
657,328.125,0.0143,,,5,2.125,0.0143,False,n332,n331
658,326.75,0.0128,,,3,0.75,0.0128,False,n333,n332
659,326.0,0.0,0.5,#2FBCE5,1,,0.0,True,326_L6 CT CTX,n333
660,327.5,0.0078,,,2,0.5,0.0078,False,n334,n333
661,327.0,0.0,0.5,#2E8CCB,1,,0.0,True,327_L6 CT CTX,n334
662,328.0,0.0,0.5,#2FB2D8,1,,0.0,True,328_L6 CT CTX,n334
663,329.5,0.011,,,2,0.5,0.011,False,n335,n332
664,329.0,0.0,0.5,#28758B,1,,0.0,True,329_L6 CT CTX,n335
665,330.0,0.0,0.5,#2F93D8,1,,0.0,True,330_L6 CT CTX,n335
666,333.4375,0.0499,,,7,2.4375,0.0499,False,n336,n322
667,331.5,0.0184,,,2,0.5,0.0184,False,n337,n336
668,331.0,0.0,0.5,#297F98,1,,0.0,True,331_L6 CT ENTm,n337
669,332.0,0.0,0.5,#2C7CB2,1,,0.0,True,332_L6 CT ENTm,n337
670,335.375,0.0207,,,5,2.375,0.0207,False,n338,n336
671,334.25,0.0132,,,3,1.25,0.0132,False,n339,n338
672,333.5,0.0106,,,2,0.5,0.0106,False,n340,n339
673,333.0,0.0,0.5,#1661D3,1,,0.0,True,333_L6b/CT ENT,n340
674,334.0,0.0,0.5,#1374EC,1,,0.0,True,334_L6b/CT ENT,n340
675,335.0,0.0,0.5,#174596,1,,0.0,True,335_L6b/CT ENT,n339
676,336.5,0.0132,,,2,0.5,0.0132,False,n341,n338
677,336.0,0.0,0.5,#1B6ED3,1,,0.0,True,336_L6b/CT ENT,n341
678,337.0,0.0,0.5,#1749BF,1,,0.0,True,337_L6b/CT ENT,n341
679,347.1484375,0.0676,,,14,9.1484,0.0676,False,n342,n321
680,343.296875,0.045,,,13,5.2969,0.045,False,n343,n342
681,341.4375,0.0399,,,6,3.4375,0.0399,False,n344,n343
682,339.875,0.0253,,,5,1.875,0.0253,False,n345,n344
683,338.5,0.0177,,,2,0.5,0.0177,False,n346,n345
684,338.0,0.0,0.5,#3F2C5D,1,,0.0,True,338_L6b CTX,n346
685,339.0,0.0,0.5,#613D90,1,,0.0,True,339_L6b CTX,n346
686,341.25,0.0212,,,3,1.25,0.0212,False,n347,n345
687,340.5,0.0089,,,2,0.5,0.0089,False,n348,n347
688,340.0,0.0,0.5,#46306A,1,,0.0,True,340_L6b CTX,n348
689,341.0,0.0,0.5,#69419D,1,,0.0,True,341_L6b CTX,n348
690,342.0,0.0,0.5,#493577,1,,0.0,True,342_L6b RHP,n347
691,343.0,0.0,0.5,#7044AA,1,,0.0,True,343_L6b CTX,n344
692,345.15625,0.0433,,,7,1.1562,0.0433,False,n349,n343
693,344.0,0.0,0.5,#503983,1,,0.0,True,344_L6b RHP,n349
694,346.3125,0.0249,,,6,1.3125,0.0249,False,n350,n349
695,345.0,0.0,0.5,#7447B6,1,,0.0,True,345_L6b CTX,n350
696,347.625,0.0217,,,5,1.625,0.0217,False,n351,n350
697,346.5,0.0141,,,2,0.5,0.0141,False,n352,n351
698,346.0,0.0,0.5,#573D90,1,,0.0,True,346_L6b CTX,n352
699,347.0,0.0,0.5,#7E47B6,1,,0.0,True,347_L6b CTX,n352
700,348.75,0.0169,,,3,0.75,0.0169,False,n353,n351
701,348.0,0.0,0.5,#5E419D,1,,0.0,True,348_L6b CTX,n353
702,349.5,0.0104,,,2,0.5,0.0104,False,n354,n353
703,349.0,0.0,0.5,#71419D,1,,0.0,True,349_L6b CTX,n354
704,350.0,0.0,0.5,#6444AA,1,,0.0,True,350_L6b CTX,n354
705,351.0,0.0,0.5,#7944AA,1,,0.0,True,351_L6b CTX,n342
706,353.25,0.0306,,,3,1.25,0.0306,False,n355,n320
707,352.5,0.0183,,,2,0.5,0.0183,False,n356,n355
708,352.0,0.0,0.5,#2F2144,1,,0.0,True,352_NP PPP,n356
709,353.0,0.0,0.5,#513577,1,,0.0,True,353_NP PPP,n356
710,354.0,0.0,0.5,#382650,1,,0.0,True,354_NP PPP,n355
711,355.0,0.0,0.5,#5E5765,1,,0.0,True,355_V3d,n4
712,359.796875,0.5694,,,13,3.7969,0.5694,False,n357,n2
713,356.75,0.0353,,,3,0.75,0.0353,False,n358,n357
714,356.0,0.0,0.5,#332F26,1,,0.0,True,356_Astro,n358
715,357.5,0.0344,,,2,0.5,0.0344,False,n359,n358
716,357.0,0.0,0.5,#8D7C5D,1,,0.0,True,357_Astro,n359
717,358.0,0.0,0.5,#5A503F,1,,0.0,True,358_Astro,n359
718,362.84375,0.4126,,,10,3.8438,0.4126,False,n360,n357
719,360.5,0.2299,,,4,1.5,0.2299,False,n361,n360
720,359.5,0.0056,,,2,0.5,0.0056,False,n362,n361
721,359.0,0.0,0.5,#2E3E39,1,,0.0,True,359_OPC,n362
722,360.0,0.0,0.5,#577D70,1,,0.0,True,360_OPC,n362
723,361.5,0.0858,,,2,0.5,0.0858,False,n363,n361
724,361.0,0.0,0.5,#374A45,1,,0.0,True,361_Oligo,n363
725,362.0,0.0,0.5,#5E8A79,1,,0.0,True,362_Oligo,n363
726,365.1875,0.1652,,,6,2.1875,0.1652,False,n364,n360
727,363.5,0.0407,,,2,0.5,0.0407,False,n365,n364
728,363.0,0.0,0.5,#3F574E,1,,0.0,True,363_Oligo,n365
729,364.0,0.0,0.5,#65978A,1,,0.0,True,364_Oligo,n365
730,366.875,0.0872,,,4,1.875,0.0872,False,n366,n364
731,365.75,0.0542,,,3,0.75,0.0542,False,n367,n366
732,365.0,0.0,0.5,#47645C,1,,0.0,True,365_Oligo,n367
733,366.5,0.02,,,2,0.5,0.02,False,n368,n367
734,366.0,0.0,0.5,#6CA491,1,,0.0,True,366_Oligo,n368
735,367.0,0.0,0.5,#4F7165,1,,0.0,True,367_Oligo,n368
736,368.0,0.0,0.5,#72B09C,1,,0.0,True,368_Oligo,n366
737,374.875,0.7365,,,11,5.875,0.7365,False,n369,n1
738,371.5,0.5733,,,8,2.5,0.5733,False,n370,n369
739,369.5,0.0034,,,2,0.5,0.0034,False,n371,n370
740,369.0,0.0,0.5,#8D6A62,1,,0.0,True,369_Endo,n371
741,370.0,0.0,0.5,#604B47,1,,0.0,True,370_Endo,n371
742,373.5,0.4918,,,6,2.5,0.4918,False,n372,n370
743,371.75,0.2442,,,3,0.75,0.2442,False,n373,n372
744,371.0,0.0,0.5,#A77C70,1,,0.0,True,371_Peri,n373
745,372.5,0.0242,,,2,0.5,0.0242,False,n374,n373
746,372.0,0.0,0.5,#4D4639,1,,0.0,True,372_SMC,n374
747,373.0,0.0,0.5,#A6906F,1,,0.0,True,373_SMC,n374
748,375.25,0.099,,,3,1.25,0.099,False,n375,n372
749,374.5,0.0305,,,2,0.5,0.0305,False,n376,n375
750,374.0,0.0,0.5,#3B3F32,1,,0.0,True,374_VLMC,n376
751,375.0,0.0,0.5,#697255,1,,0.0,True,375_VLMC,n376
752,376.0,0.0,0.5,#535944,1,,0.0,True,376_VLMC,n375
753,378.25,0.2624,,,3,1.25,0.2624,False,n377,n369
754,377.5,0.0033,,,2,0.5,0.0033,False,n378,n377
755,377.0,0.0,0.5,#6E7C6F,1,,0.0,True,377_Micro,n378
756,378.0,0.0,0.5,#ADD5B3,1,,0.0,True,378_Micro,n378
757,379.0,0.0,0.5,#8BA38D,1,,0.0,True,379_PVM,n377
